INSERT INTO packs (pack_id, author,name) VALUES (1,1,'pack1');
INSERT INTO stickers(stick_id, pack_id, sticker_link) VALUES (1, 1, 'https://social-hub.ru/uploads/stickers/1.png');
INSERT INTO packstickers(stick_id, pack_id) VALUES (1, 1);
INSERT INTO stickers(stick_id, pack_id, sticker_link) VALUES (2, 1, 'https://social-hub.ru/uploads/stickers/2.png');
INSERT INTO packstickers(stick_id, pack_id) VALUES (2, 1);
INSERT INTO stickers(stick_id, pack_id, sticker_link) VALUES (3, 1, 'https://social-hub.ru/uploads/stickers/3.png');
INSERT INTO packstickers(stick_id, pack_id) VALUES (3, 1);
INSERT INTO stickers(stick_id, pack_id, sticker_link) VALUES (4, 1, 'https://social-hub.ru/uploads/stickers/4.png');
INSERT INTO packstickers(stick_id, pack_id) VALUES (4, 1);
INSERT INTO stickers(stick_id, pack_id, sticker_link) VALUES (5, 1, 'https://social-hub.ru/uploads/stickers/5.png');
INSERT INTO packstickers(stick_id, pack_id) VALUES (5, 1);
INSERT INTO stickers(stick_id, pack_id, sticker_link) VALUES (6, 1, 'https://social-hub.ru/uploads/stickers/6.png');
INSERT INTO packstickers(stick_id, pack_id) VALUES (6, 1);
INSERT INTO stickers(stick_id, pack_id, sticker_link) VALUES (7, 1, 'https://social-hub.ru/uploads/stickers/7.png');
INSERT INTO packstickers(stick_id, pack_id) VALUES (7, 1);
INSERT INTO stickers(stick_id, pack_id, sticker_link) VALUES (8, 1, 'https://social-hub.ru/uploads/stickers/8.png');
INSERT INTO packstickers(stick_id, pack_id) VALUES (8, 1);
INSERT INTO stickers(stick_id, pack_id, sticker_link) VALUES (9, 1, 'https://social-hub.ru/uploads/stickers/9.png');
INSERT INTO packstickers(stick_id, pack_id) VALUES (9, 1);
INSERT INTO stickers(stick_id, pack_id, sticker_link) VALUES (10, 1, 'https://social-hub.ru/uploads/stickers/10.png');
INSERT INTO packstickers(stick_id, pack_id) VALUES (10, 1);
INSERT INTO stickers(stick_id, pack_id, sticker_link) VALUES (11, 1, 'https://social-hub.ru/uploads/stickers/11.png');
INSERT INTO packstickers(stick_id, pack_id) VALUES (11, 1);
INSERT INTO stickers(stick_id, pack_id, sticker_link) VALUES (12, 1, 'https://social-hub.ru/uploads/stickers/12.png');
INSERT INTO packstickers(stick_id, pack_id) VALUES (12, 1);
INSERT INTO stickers(stick_id, pack_id, sticker_link) VALUES (13, 1, 'https://social-hub.ru/uploads/stickers/13.png');
INSERT INTO packstickers(stick_id, pack_id) VALUES (13, 1);
INSERT INTO stickers(stick_id, pack_id, sticker_link) VALUES (14, 1, 'https://social-hub.ru/uploads/stickers/14.png');
INSERT INTO packstickers(stick_id, pack_id) VALUES (14, 1);
INSERT INTO stickers(stick_id, pack_id, sticker_link) VALUES (15, 1, 'https://social-hub.ru/uploads/stickers/15.png');
INSERT INTO packstickers(stick_id, pack_id) VALUES (15, 1);
INSERT INTO stickers(stick_id, pack_id, sticker_link) VALUES (16, 1, 'https://social-hub.ru/uploads/stickers/16.png');
INSERT INTO packstickers(stick_id, pack_id) VALUES (16, 1);
INSERT INTO stickers(stick_id, pack_id, sticker_link) VALUES (17, 1, 'https://social-hub.ru/uploads/stickers/17.png');
INSERT INTO packstickers(stick_id, pack_id) VALUES (17, 1);
INSERT INTO stickers(stick_id, pack_id, sticker_link) VALUES (18, 1, 'https://social-hub.ru/uploads/stickers/18.png');
INSERT INTO packstickers(stick_id, pack_id) VALUES (18, 1);
INSERT INTO stickers(stick_id, pack_id, sticker_link) VALUES (19, 1, 'https://social-hub.ru/uploads/stickers/19.png');
INSERT INTO packstickers(stick_id, pack_id) VALUES (19, 1);
INSERT INTO stickers(stick_id, pack_id, sticker_link) VALUES (20, 1, 'https://social-hub.ru/uploads/stickers/20.png');
INSERT INTO packstickers(stick_id, pack_id) VALUES (20, 1);
INSERT INTO stickers(stick_id, pack_id, sticker_link) VALUES (21, 1, 'https://social-hub.ru/uploads/stickers/21.png');
INSERT INTO packstickers(stick_id, pack_id) VALUES (21, 1);
INSERT INTO stickers(stick_id, pack_id, sticker_link) VALUES (22, 1, 'https://social-hub.ru/uploads/stickers/22.png');
INSERT INTO packstickers(stick_id, pack_id) VALUES (22, 1);
INSERT INTO stickers(stick_id, pack_id, sticker_link) VALUES (23, 1, 'https://social-hub.ru/uploads/stickers/23.png');
INSERT INTO packstickers(stick_id, pack_id) VALUES (23, 1);
INSERT INTO stickers(stick_id, pack_id, sticker_link) VALUES (24, 1, 'https://social-hub.ru/uploads/stickers/24.png');
INSERT INTO packstickers(stick_id, pack_id) VALUES (24, 1);
INSERT INTO stickers(stick_id, pack_id, sticker_link) VALUES (25, 1, 'https://social-hub.ru/uploads/stickers/25.png');
INSERT INTO packstickers(stick_id, pack_id) VALUES (25, 1);
INSERT INTO stickers(stick_id, pack_id, sticker_link) VALUES (26, 1, 'https://social-hub.ru/uploads/stickers/26.png');
INSERT INTO packstickers(stick_id, pack_id) VALUES (26, 1);
INSERT INTO stickers(stick_id, pack_id, sticker_link) VALUES (27, 1, 'https://social-hub.ru/uploads/stickers/27.png');
INSERT INTO packstickers(stick_id, pack_id) VALUES (27, 1);
INSERT INTO stickers(stick_id, pack_id, sticker_link) VALUES (28, 1, 'https://social-hub.ru/uploads/stickers/28.png');
INSERT INTO packstickers(stick_id, pack_id) VALUES (28, 1);
INSERT INTO stickers(stick_id, pack_id, sticker_link) VALUES (29, 1, 'https://social-hub.ru/uploads/stickers/29.png');
INSERT INTO packstickers(stick_id, pack_id) VALUES (29, 1);
INSERT INTO stickers(stick_id, pack_id, sticker_link) VALUES (30, 1, 'https://social-hub.ru/uploads/stickers/30.png');
INSERT INTO packstickers(stick_id, pack_id) VALUES (30, 1);
INSERT INTO stickers(stick_id, pack_id, sticker_link) VALUES (31, 1, 'https://social-hub.ru/uploads/stickers/31.png');
INSERT INTO packstickers(stick_id, pack_id) VALUES (31, 1);
INSERT INTO stickers(stick_id, pack_id, sticker_link) VALUES (32, 1, 'https://social-hub.ru/uploads/stickers/32.png');
INSERT INTO packstickers(stick_id, pack_id) VALUES (32, 1);
INSERT INTO stickers(stick_id, pack_id, sticker_link) VALUES (33, 1, 'https://social-hub.ru/uploads/stickers/33.png');
INSERT INTO packstickers(stick_id, pack_id) VALUES (33, 1);
INSERT INTO stickers(stick_id, pack_id, sticker_link) VALUES (34, 1, 'https://social-hub.ru/uploads/stickers/34.png');
INSERT INTO packstickers(stick_id, pack_id) VALUES (34, 1);
INSERT INTO stickers(stick_id, pack_id, sticker_link) VALUES (35, 1, 'https://social-hub.ru/uploads/stickers/35.png');
INSERT INTO packstickers(stick_id, pack_id) VALUES (35, 1);
INSERT INTO stickers(stick_id, pack_id, sticker_link) VALUES (36, 1, 'https://social-hub.ru/uploads/stickers/36.png');
INSERT INTO packstickers(stick_id, pack_id) VALUES (36, 1);
INSERT INTO stickers(stick_id, pack_id, sticker_link) VALUES (37, 1, 'https://social-hub.ru/uploads/stickers/37.png');
INSERT INTO packstickers(stick_id, pack_id) VALUES (37, 1);
INSERT INTO stickers(stick_id, pack_id, sticker_link) VALUES (38, 1, 'https://social-hub.ru/uploads/stickers/38.png');
INSERT INTO packstickers(stick_id, pack_id) VALUES (38, 1);
INSERT INTO stickers(stick_id, pack_id, sticker_link) VALUES (39, 1, 'https://social-hub.ru/uploads/stickers/39.png');
INSERT INTO packstickers(stick_id, pack_id) VALUES (39, 1);
INSERT INTO stickers(stick_id, pack_id, sticker_link) VALUES (40, 1, 'https://social-hub.ru/uploads/stickers/40.png');
INSERT INTO packstickers(stick_id, pack_id) VALUES (40, 1);
INSERT INTO stickers(stick_id, pack_id, sticker_link) VALUES (41, 1, 'https://social-hub.ru/uploads/stickers/41.png');
INSERT INTO packstickers(stick_id, pack_id) VALUES (41, 1);
INSERT INTO stickers(stick_id, pack_id, sticker_link) VALUES (42, 1, 'https://social-hub.ru/uploads/stickers/42.png');
INSERT INTO packstickers(stick_id, pack_id) VALUES (42, 1);
INSERT INTO stickers(stick_id, pack_id, sticker_link) VALUES (43, 1, 'https://social-hub.ru/uploads/stickers/43.png');
INSERT INTO packstickers(stick_id, pack_id) VALUES (43, 1);
INSERT INTO stickers(stick_id, pack_id, sticker_link) VALUES (44, 1, 'https://social-hub.ru/uploads/stickers/44.png');
INSERT INTO packstickers(stick_id, pack_id) VALUES (44, 1);
INSERT INTO stickers(stick_id, pack_id, sticker_link) VALUES (45, 1, 'https://social-hub.ru/uploads/stickers/45.png');
INSERT INTO packstickers(stick_id, pack_id) VALUES (45, 1);
INSERT INTO stickers(stick_id, pack_id, sticker_link) VALUES (46, 1, 'https://social-hub.ru/uploads/stickers/46.png');
INSERT INTO packstickers(stick_id, pack_id) VALUES (46, 1);
INSERT INTO stickers(stick_id, pack_id, sticker_link) VALUES (47, 1, 'https://social-hub.ru/uploads/stickers/47.png');
INSERT INTO packstickers(stick_id, pack_id) VALUES (47, 1);
INSERT INTO packs (pack_id, author,name) VALUES (2,1,'pack2');
INSERT INTO stickers(stick_id, pack_id, sticker_link) VALUES (48, 2, 'https://social-hub.ru/uploads/stickers/48.png');
INSERT INTO packstickers(stick_id, pack_id) VALUES (48, 2);
INSERT INTO stickers(stick_id, pack_id, sticker_link) VALUES (49, 2, 'https://social-hub.ru/uploads/stickers/49.png');
INSERT INTO packstickers(stick_id, pack_id) VALUES (49, 2);
INSERT INTO stickers(stick_id, pack_id, sticker_link) VALUES (50, 2, 'https://social-hub.ru/uploads/stickers/50.png');
INSERT INTO packstickers(stick_id, pack_id) VALUES (50, 2);
INSERT INTO stickers(stick_id, pack_id, sticker_link) VALUES (51, 2, 'https://social-hub.ru/uploads/stickers/51.png');
INSERT INTO packstickers(stick_id, pack_id) VALUES (51, 2);
INSERT INTO stickers(stick_id, pack_id, sticker_link) VALUES (52, 2, 'https://social-hub.ru/uploads/stickers/52.png');
INSERT INTO packstickers(stick_id, pack_id) VALUES (52, 2);
INSERT INTO stickers(stick_id, pack_id, sticker_link) VALUES (53, 2, 'https://social-hub.ru/uploads/stickers/53.png');
INSERT INTO packstickers(stick_id, pack_id) VALUES (53, 2);
INSERT INTO stickers(stick_id, pack_id, sticker_link) VALUES (54, 2, 'https://social-hub.ru/uploads/stickers/54.png');
INSERT INTO packstickers(stick_id, pack_id) VALUES (54, 2);
INSERT INTO stickers(stick_id, pack_id, sticker_link) VALUES (55, 2, 'https://social-hub.ru/uploads/stickers/55.png');
INSERT INTO packstickers(stick_id, pack_id) VALUES (55, 2);
INSERT INTO stickers(stick_id, pack_id, sticker_link) VALUES (56, 2, 'https://social-hub.ru/uploads/stickers/56.png');
INSERT INTO packstickers(stick_id, pack_id) VALUES (56, 2);
INSERT INTO stickers(stick_id, pack_id, sticker_link) VALUES (57, 2, 'https://social-hub.ru/uploads/stickers/57.png');
INSERT INTO packstickers(stick_id, pack_id) VALUES (57, 2);
INSERT INTO stickers(stick_id, pack_id, sticker_link) VALUES (58, 2, 'https://social-hub.ru/uploads/stickers/58.png');
INSERT INTO packstickers(stick_id, pack_id) VALUES (58, 2);
INSERT INTO stickers(stick_id, pack_id, sticker_link) VALUES (59, 2, 'https://social-hub.ru/uploads/stickers/59.png');
INSERT INTO packstickers(stick_id, pack_id) VALUES (59, 2);
INSERT INTO stickers(stick_id, pack_id, sticker_link) VALUES (60, 2, 'https://social-hub.ru/uploads/stickers/60.png');
INSERT INTO packstickers(stick_id, pack_id) VALUES (60, 2);
INSERT INTO stickers(stick_id, pack_id, sticker_link) VALUES (61, 2, 'https://social-hub.ru/uploads/stickers/61.png');
INSERT INTO packstickers(stick_id, pack_id) VALUES (61, 2);
